<?xml version="1.0" encoding="UTF-8"?>
<beans xmlns="http://www.springframework.org/schema/beans"
       xmlns:xsi="http://www.w3.org/2001/XMLSchema-instance"
       xmlns:context="http://www.springframework.org/schema/context"
       xmlns:mvc="http://www.springframework.org/schema/mvc"
       xsi:schemaLocation="
        http://www.springframework.org/schema/beans
        https://www.springframework.org/schema/beans/spring-beans.xsd
        http://www.springframework.org/schema/context
        https://www.springframework.org/schema/context/spring-context.xsd
        http://www.springframework.org/schema/mvc
        https://www.springframework.org/schema/mvc/spring-mvc.xsd
">

    <!--开启controller扫描-->
    <context:component-scan base-package="om.nullnull.lean.controller"/>

    <!--配制视图解析-->
    <bean class="org.springframework.web.servlet.view.InternalResourceViewResolver">
        <property name="prefix" value="/WEB-INF/jsp/"/>
        <property name="suffix" value=".jsp"/>
    </bean>


    <!--注册最最合适的处理器映射器，处理器适配器调用handler-->
    <mvc:annotation-driven conversion-service="formatStringToDate"/>

    <!--方案1，交给Tomcat容器处理
    <mvc:default-servlet-handler />-->

    <!-- 方案二：使用SpringMVC提供的静态资源处理   -->
    <mvc:resources location="classpath:res/" mapping="/resource/**"/>
    <mvc:resources location="WEB-INF/js/" mapping="/js/**"/>


    <bean id="formatStringToDate" class="org.springframework.format.support.FormattingConversionServiceFactoryBean">
        <property name="converters">
            <set>
                <bean class="om.nullnull.lean.controller.StringParseDateConverter"/>
            </set>
        </property>
    </bean>

    <!--文件上传的配制,id为multipartResolver固定-->
    <bean id="multipartResolver" class="org.springframework.web.multipart.commons.CommonsMultipartResolver">
        <!--限制上传文件的大小，单位为字节-->
        <property name="maxUploadSize" value="100000000000" />
    </bean>



    <!--注册SpringMVC的拦截器-->
    <mvc:interceptors>
        <!--拦截所有handler-->
        <!--        <bean class="om.nullnull.lean.interceptor.MyIntercepter01"/>-->
        <mvc:interceptor>
            <mvc:mapping path="/**"/>
            <!--配制排除的地址-->
            <!--            <mvc:exclude-mapping path="/demo"/>-->
            <bean class="om.nullnull.lean.interceptor.MyIntercepter01"/>
        </mvc:interceptor>

        <mvc:interceptor>
            <mvc:mapping path="/**"/>
            <!--配制排除的地址-->
            <!--            <mvc:exclude-mapping path="/demo"/>-->
            <bean class="om.nullnull.lean.interceptor.MyIntercepter02"/>
        </mvc:interceptor>

    </mvc:interceptors>

</beans>