<?xml version="1.0" encoding="UTF-8"?>
<!--跟标签beans，里面配置一个又一个的bean子标签，每一个bean子标签都代表一个类的配置-->
<beans xmlns="http://www.springframework.org/schema/beans"
       xmlns:context="http://www.springframework.org/schema/context"
       xmlns:xsi="http://www.w3.org/2001/XMLSchema-instance"
       xsi:schemaLocation="
        http://www.springframework.org/schema/beans
        https://www.springframework.org/schema/beans/spring-beans.xsd
        http://www.springframework.org/schema/context
        https://www.springframework.org/schema/context/spring-context.xsd
">

    <context:component-scan base-package="org.liujun.learn.spring"/>


    <!--导入配制文件-->
    <context:property-placeholder location="classpath:jdbc.properties"/>

    <!--配制数据-->
    <bean id="dataSource" class="com.alibaba.druid.pool.DruidDataSource">
        <property name="driverClassName" value="${jdbc.driverClass}"/>
        <property name="url" value="${jdbc.url}"/>
        <property name="username" value="${jdbc.username}"/>
        <property name="password" value="${jdbc.password}"/>
    </bean>


    <bean id="lazyData" class="org.liujun.learn.spring.utils.LazyData" lazy-init="true" init-method="data"
          destroy-method="destoryMethod"/>

    <!--数据加载操作-->
    <bean id="beanProcRun" class="org.liujun.learn.spring.utils.BeanPostProcessRunData"/>


</beans>