<?xml version="1.0" encoding="UTF-8"?>
<beans xmlns="http://www.springframework.org/schema/beans"
       xmlns:xsi="http://www.w3.org/2001/XMLSchema-instance"
       xmlns:context="http://www.springframework.org/schema/context"
       xsi:schemaLocation="
       	http://www.springframework.org/schema/beans
		http://www.springframework.org/schema/beans/spring-beans.xsd
       	http://www.springframework.org/schema/context
		http://www.springframework.org/schema/context/spring-context.xsd">

    <!--加载properties文件-->
    <context:property-placeholder location="classpath:jdbc.properties"></context:property-placeholder>

    <!--配制数据源-->
    <bean id="dataSource" class="com.alibaba.druid.pool.DruidDataSource">
        <property name="driverClassName" value="${jdbc.driver}"/>
        <property name="url" value="${jdbc.url}"/>
        <property name="username" value="${jdbc.username}"/>
        <property name="password" value="${jdbc.password}"/>
    </bean>

    <!--1，将SqlSessionFactory对象的创建交给Spring,此为使用mybatis进行操作-->
    <bean id="sqlSessionFactory" class="org.mybatis.spring.SqlSessionFactoryBean">
        <property name="dataSource" ref="dataSource"></property>
    </bean>


    <!--2, 配制一个mapper映射扫描-->
    <bean id="scannerConfigurer" class="org.mybatis.spring.mapper.MapperScannerConfigurer">
        <property name="basePackage" value="com.nullnull.learn.spring.mapper"/>
    </bean>


</beans>