<gradleEnterprise
        xmlns="https://www.gradle.com/gradle-enterprise-maven" xmlns:xsi="http://www.w3.org/2001/XMLSchema-instance"
        xsi:schemaLocation="https://www.gradle.com/gradle-enterprise-maven https://www.gradle.com/schema/gradle-enterprise-maven.xsd">
	<server>
		<url>https://ge.spring.io</url>
	</server>
	<buildScan>
		<publishIfAuthenticated>true</publishIfAuthenticated>
    	<obfuscation>
			<ipAddresses>#{{'0.0.0.0'}}</ipAddresses>
    	</obfuscation>
	</buildScan>
</gradleEnterprise>
