<?xml version="1.0" encoding="UTF-8"?>
<!--跟标签beans，里面配置一个又一个的bean子标签，每一个bean子标签都代表一个类的配置-->
<beans xmlns="http://www.springframework.org/schema/beans"
       xmlns:xsi="http://www.w3.org/2001/XMLSchema-instance"
       xsi:schemaLocation="
        http://www.springframework.org/schema/beans
        https://www.springframework.org/schema/beans/spring-beans.xsd
">
    <!--数据库操作-->
    <bean id="accountDao" class="org.liujun.learn.spring.dao.Impl.SqlLiteJdbcOperatorImpl">
        <property name="jdbcConnection" ref="jdbcConnection"/>
    </bean>
    <!--业务操作-->
    <bean id="accountService" class="org.liujun.learn.spring.service.TransferMoneyService">
        <property name="accountDao" ref="accountDao"></property>
    </bean>


    <!--事务管理-->
    <bean id="transferManager" class="org.liujun.learn.spring.utils.TransferManager">
        <property name="jdbcConnection" ref="jdbcConnection"/>
    </bean>

    <!--代理工厂管理-->
    <bean id="proxyFactory" class="org.liujun.learn.spring.factory.ProxyFactory">
        <property name="transferManager" ref="transferManager"/>
    </bean>

    <!--spring创建对象的第一种方式-->
    <!--    <bean id="jdbcConnection" class="org.liujun.learn.spring.utils.JdbcConnection"></bean>-->

    <!--spring的bean创建的第二种方式-->
    <!--    <bean id="jdbcConnection" class="org.liujun.learn.spring.factory.ConnectionStaticCreate"-->
    <!--          factory-method="staticGetConn"></bean>-->


    <!--spring的bean的第三种方式-->
    <bean id="beanFactory" class="org.liujun.learn.spring.factory.ConnectionStaticCreate"/>
    <bean id="jdbcConnection" factory-bean="beanFactory" factory-method="normalGetConn"/>


</beans>