<?xml version="1.0" encoding="UTF-8"?>
<beans xmlns="http://www.springframework.org/schema/beans"
       xmlns:context="http://www.springframework.org/schema/context"
       xmlns:jpa="http://www.springframework.org/schema/data/jpa"
       xmlns:xsi="http://www.w3.org/2001/XMLSchema-instance"
       xsi:schemaLocation="
 http://www.springframework.org/schema/beans
 https://www.springframework.org/schema/beans/spring-beans.xsd
 http://www.springframework.org/schema/context
 https://www.springframework.org/schema/context/spring-context.xsd
 http://www.springframework.org/schema/data/jpa
 https://www.springframework.org/schema/data/jpa/spring-jpa.xsd
">
    <!--对Spring和SpringJpg进行配制-->

    <!--1. 创建数据库连接池-->
    <!--引入外部数据库配制文件-->
    <context:property-placeholder location="classpath*:jdbc.properties"/>
    <bean id="dataSource" class="com.alibaba.druid.pool.DruidDataSource">
        <property name="driverClassName" value="${jdbc.driver}"/>
        <property name="url" value="${jdbc.url}"/>
        <property name="username" value="${jdbc.username}"/>
        <property name="password" value="${jdbc.password}"/>
    </bean>

    <!--
       2. 配制一个JPA中非常重要的对象entityManagerFactory，
       entityManager类似于Mybatis中的SqlSession
       entityManagerFactory则类似于Mybatis中的SqlSessionFactory
    -->
    <bean id="entityManagerFactory" class="org.springframework.orm.jpa.LocalContainerEntityManagerFactoryBean">
        <!--配制数据源-->
        <property name="dataSource" ref="dataSource"/>
        <!--配制包扫描,(pojo实体类所在的包)-->
        <property name="packagesToScan" value="com.nullnull.learn.pojo"/>
        <!--指定JPA的具体实现,也就是Hibernate-->
        <property name="persistenceProvider">
            <bean class="org.hibernate.jpa.HibernatePersistenceProvider"/>
        </property>
        <!--JPA的方言配制,不同的jpa实现对于类似于beginTransaction等细节实现起来不一样-->
        <property name="jpaDialect">
            <bean class="org.springframework.orm.jpa.vendor.HibernateJpaDialect"/>
        </property>
        <!--配制具体的provider,hibernate框架的执行细节-->
        <property name="jpaVendorAdapter">
            <bean class="org.springframework.orm.jpa.vendor.HibernateJpaVendorAdapter">
                <!--定义hibernate框架的细节-->
                <!--
                配制表是否自动创建
                因为我们会建立pojo与数据表之间的映射关系
                程序启动时，如果数据表还没有创建，是否需要程序给创建一下
                -->
                <property name="generateDdl" value="false"/>
                <!--
                  指定数据库的类型
                  hibernate本身是个dao层的框架，可以支持多种数据库类型，这里指定本次使用什么数据库
                -->
                <property name="database" value="MYSQL"/>
                <!--
                配制数据库方言
                hibernate可以帮我们拼装SQL，但不同的数据库SQL语法是不同的，
                所以需要我们注入具体的数据库方式
                -->
                <property name="databasePlatform" value="org.hibernate.dialect.MySQLDialect"/>
                <!--
                是否显示SQL
                数据库操作时，是否打印SQL
                -->
                <property name="showSql" value="true"/>

            </bean>
        </property>
    </bean>

    <!--
    3, 引用上面的entityManagerFactory
    <jpa:repositories>配制Jpa的dao层的细节。
    base-package: 指定dao层接口所在的包。
    -->
    <jpa:repositories base-package="com.nullnull.learn.dao" entity-manager-factory-ref="entityManagerFactory"
                      transaction-manager-ref="transactionManager"></jpa:repositories>


    <!--
    4. 事务管理器配制
    jdbcTemplate/mybatis使用DataSourceTransactionManager
    jpa规范：JpaTransactionManager
    -->
    <bean id="transactionManager" class="org.springframework.orm.jpa.JpaTransactionManager">
        <property name="entityManagerFactory" ref="entityManagerFactory" />
    </bean>


    <!--
    5. 声明式事务
    此为演示项目，无需事务，可不配制
    <tx:annotation-driven/>
    -->


    <!--6. 配制Spring包扫描-->
    <context:component-scan base-package="com.nullnull.learn" />
</beans>