<?xml version="1.0" encoding="UTF-8" ?>
<!DOCTYPE mapper
        PUBLIC "-//mybatis.org//DTD Mapper 3.0//EN"
        "http://mybatis.org/dtd/mybatis-3-mapper.dtd">
<mapper namespace="com.liujun.learn.auth.mapper.AuthUserMapper">

    <resultMap id="userMap" type="com.liujun.learn.auth.po.AuthUser">
        <result property="id" column="id"/>
        <result property="name" column="name"/>

        <collection property="userRole" ofType="com.liujun.learn.auth.po.AuthRole">
            <result column="role_id" property="id"/>
            <result column="roleName" property="name"/>
        </collection>
    </resultMap>

    <!--多对多关联查询-->
    <select id="queryAll" resultMap="userMap">
       select us.*,usro.*,ro.name as roleName from auth_user us left join auth_user_role usro on us.id = usro.user_id
													 left join auth_role ro on ro.id = usro.role_id
    </select>
</mapper>