<?xml version="1.0" encoding="UTF-8" ?>
<!DOCTYPE mapper
        PUBLIC "-//mybatis.org//DTD Mapper 3.0//EN"
        "http://mybatis.org/dtd/mybatis-3-mapper.dtd">
<mapper namespace="com.liujun.learn.mybatis.mapper.UserMsgMapper">

    <resultMap id="orderMap" type="com.liujun.learn.mybatis.po.UserMsgPO">
        <result property="id" column="id"/>
        <result property="name" column="name"/>

        <collection property="orderList" ofType="com.liujun.learn.mybatis.po.OrderPO">
            <id column="orderId" property="id"/>
            <result column="money" property="money"/>
            <result column="orderTime" property="orderTime"/>
            <result column="user_id" property="userid"/>
        </collection>
    </resultMap>


    <select id="queryAll" parameterType="int"
            resultMap="orderMap">
        select u.*,o.id as orderId,o.money,o.orderTime,o.user_id
        from user_msg u left join order_info o on u.id = o.user_id
    </select>
</mapper>