<?xml version="1.0" encoding="UTF-8" ?>
<!DOCTYPE configuration PUBLIC "-//mybatis.org//DTD Config 3.0//EN"
        "http://mybatis.org/dtd/mybatis-3-config.dtd">
<configuration>

    <properties resource="jdbc.properties"/>

    <environments default="default">
        <environment id="default">
            <!--JDBC表示把数据库的事务交给JDBC进行管理。 MANAGER让容器进行管理，很少使用，它从来不提交回滚一个连接。-->
            <transactionManager type="JDBC"></transactionManager>
            <!--POOLED使用mybatis的连接池，UNPOOLED表示不使用连接池,每次使用数据库时才打开和关闭连接，JNDI,使用容器配制的数据源。-->
            <dataSource type="POOLED">
                <property name="driver" value="${jdbc.driver}"/>
                <property name="url" value="${jdbc.url}"/>
                <property name="username" value="${jdbc.username}"/>
                <property name="password" value="${jdbc.password}"/>
            </dataSource>
        </environment>
    </environments>

    <mappers>
        <!--使用注解来写配制文件时，可通过class配制单个查询-->
        <!--  <mapper class="com.liujun.learn.user.mapper.UserMsgMapper" />-->
        <!--使用扫包的方式，可加载多个文件的路径-->
        <package name="com.liujun.learn.user.mapper"/>
        <package name="com.liujun.learn.auth.mapper"/>
    </mappers>
</configuration>